ENERGETYK,Tiger - Napój energetyczny gazowany,1.98,0.25,False,Auchan
ENERGETYK,Black - Napój energetyczny gazowany bez cukru ,2.28,0.25,False,Auchan
ENERGETYK,Black - Napój energetyczny o smaku limonki i mięty,2.28,0.25,False,Auchan
ENERGETYK,Frugo - Napój energetyczny gazowany z yerba mate,2.39,0.33,False,Auchan
ENERGETYK,Pitbull - Napój energetyczyny gazowany,2.79,0.25,False,Auchan
ENERGETYK,Pitbull - Napój energetyczyny gazowany o smaku acai,2.79,0.25,False,Auchan
ENERGETYK,Tiger - Napój energetyczny z sokiem gazowany ,3.48,0.5,False,Auchan
ENERGETYK,Tiger - Napój energetyczny z sokiem z kaktusa gazowany ,3.48,0.5,False,Auchan
ENERGETYK,Tiger - Napój energetyczny z sokiem z mango gazowany,3.48,0.5,False,Auchan
ENERGETYK,Monster Energy - Napój energetyczny gazowany bez cukru,4.98,0.5,False,Auchan
ENERGETYK,Monster Energy - Napój energetyczny gazowany o smaku mango,4.98,0.5,False,Auchan
ENERGETYK,Monster Energy - Napój energetyczny gazowany z tauryną i żeń szeniem,4.98,0.5,False,Auchan
ENERGETYK,Red Bull - Napój energetyczny ,4.98,0.25,False,Auchan
ENERGETYK,Red Bull - Napój energetyczny bez cukru,4.98,0.25,False,Auchan
ENERGETYK,Rockstar - Napój energetyczny z dodatkiem soku z mango,4.98,0.5,False,Auchan
ENERGETYK,Rockstar - Napój energetyczny z dodatkiem soku z marakui,4.98,0.5,False,Auchan
ENERGETYK,Rockstar - Napój energetyczny z elektrolitami o smaku jagód i granatu,4.98,0.5,False,Auchan
ENERGETYK,Rockstar - Napój energetyczny z guaraną i żeń szeniem,4.98,0.5,False,Auchan
ENERGETYK,Black - Napój energetyczny gazowany,4.99,1.0,False,Auchan
ENERGETYK,Red Bull - Napój energetyczny,5.98,0.25,False,Auchan
ENERGETYK,Monster Energy napój energetyczny 500 ml,4.99,0.5,False,Biedronka
ENERGETYK,Napój energetyczny Be Power Classic 500 ml,2.49,0.5,False,Biedronka
ENERGETYK,Napój energetyczny Be Power 1 l,2.99,1.0,False,Biedronka
ENERGETYK,Napój energetyczny Black energy juices blast blueberry 05l,3.99,0.5,False,Biedronka
ENERGETYK,Napój energetyczny Black energy juices mango 05l,3.99,0.5,False,Biedronka
ENERGETYK,Napój energetyczny Black energy mojito 05l,3.99,0.5,False,Biedronka
ENERGETYK,Napój energetyczny Black energy taurine caffeine 05l,3.99,0.5,False,Biedronka
ENERGETYK,Napój energetyczny Black sex 250 ml,2.29,0.25,False,Biedronka
ENERGETYK,Napój energetyczny Black 250 ml,2.29,0.25,False,Biedronka
ENERGETYK,Napój energetyczny Black 250 ml: mohito,2.29,0.25,False,Biedronka
ENERGETYK,Napój energetyczny Black 250 ml: zero sugar,2.29,0.25,False,Biedronka
ENERGETYK,Napój energetyczny Red Bull Sugar Free 250 ml,5.49,0.25,False,Biedronka
ENERGETYK,Napój energetyczny Red Bull 250 ml,5.49,0.25,False,Biedronka
ENERGETYK,Napój energetyzujący Be Power 250 ml: classic,1.59,0.25,False,Biedronka
ENERGETYK,Napój energetyzujący Be Power 250 ml: mojito,1.59,0.25,False,Biedronka
ENERGETYK,Napój energetyzujący monster 500ml: mango loco,4.99,0.5,False,Biedronka
ENERGETYK,Napój energetyzujący monster 500ml: pacyfic punch,4.99,0.5,False,Biedronka
ENERGETYK,Napój energetyzujący Tiger arbuz 500ml,3.99,0.5,False,Biedronka
ENERGETYK,Napój energetyzujący Tiger bubble 500ml,3.99,0.5,False,Biedronka
ENERGETYK,Napój energetyzujący Tiger mango 500ml,3.99,0.5,False,Biedronka
ENERGETYK,Napój energetyzujący Tiger 250 ml,2.29,0.25,False,Biedronka
ENERGETYK,Napój energetyzujący Tiger 250 ml: exotic,2.29,0.25,False,Biedronka
ENERGETYK,Napój Oshee Vitamin Energy 250 ml: magnesium + B6,2.49,0.25,False,Biedronka
ENERGETYK,Napój Oshee Vitamin Energy 250 ml: vitamin D+K,2.49,0.25,False,Biedronka
ENERGETYK,Napój Oshee Vitamin Energy 250 ml: vitamins + minerals,2.49,0.25,False,Biedronka
ENERGETYK,Monster Energy Ultra Gazowany napój energetyczny 500 ml,5.69,0.5,False,Carrefour
ENERGETYK,Monster Energy Ultra Paradise Gazowany napój energetyczny 500 ml,5.69,0.5,False,Carrefour
ENERGETYK,Tiger Zero Gazowany napój energetyzujący bez cukru 250 ml,2.09,0.25,False,Carrefour
ENERGETYK,Napój energ predator 05l sug free,4.79,0.5,False,Carrefour
ENERGETYK,Red Bull Napój energetyczny 4 x 250 ml,24.99,1.0,False,Carrefour
ENERGETYK,Oshee Vitamin Zero Magnez Napój gazowany o smaku jagód acai miechunki peruwiańskiej 250 ml,3.29,0.25,False,Carrefour
ENERGETYK,Red Bull Napój energetyczny 250 ml,4.99,0.25,True,Carrefour
ENERGETYK,Monster Energy Mango Loco Gazowany napój energetyczny 500 ml,5.69,0.5,False,Carrefour
ENERGETYK,Carrefour Classic Napój energetyzujący gazowany 250 ml,1.59,0.25,False,Carrefour
ENERGETYK,Burn Apple Kiwi Gazowany napój energetyczny 250 ml,2.99,0.25,False,Carrefour
ENERGETYK,Burn Sour Twist Gazowany napój energetyczny 250 ml,2.99,0.25,False,Carrefour
ENERGETYK,Red Bull Napój energetyczny 473 ml,11.29,0.473,False,Carrefour
ENERGETYK,Red Bull Napój energetyczny 355 ml,8.59,0.355,False,Carrefour
ENERGETYK,Carrefour Napój energetyzujący o smaku mango i marakuja 250 ml,1.99,0.25,False,Carrefour
ENERGETYK,Carrefour Classic Napój energetyzujący gazowany 250 ml,1.59,0.25,False,Carrefour
ENERGETYK,Tiger Energy Drink Classic Gazowany napój energetyzujący 250 ml,2.09,0.25,False,Carrefour
ENERGETYK,Monster Energy Gazowany napój energetyzujący 500 ml,5.69,0.5,False,Carrefour
ENERGETYK,Carrefour Power Classic Napój energetyzujący 1 l,2.99,1.0,False,Carrefour
ENERGETYK,Carrefour Napój energetyzujący o smaku acai i goji 250 ml,1.99,0.25,False,Carrefour
ENERGETYK,Monster Energy The Doctor Gazowany napój energetyzujący 500 ml,5.69,0.5,False,Carrefour
ENERGETYK,Carrefour Napój energetyzujący o smaku mojito 250 ml,1.99,0.25,False,Carrefour
ENERGETYK,Black Energy Samurai Gazowany napój energetyzujący o smaku mango 250 ml,2.29,0.25,False,Carrefour
ENERGETYK,Black Energy Samurai Gazowany napój energetyzujący o smaku mango 250 ml,2.69,0.25,False,Carrefour
ENERGETYK,Monster Ripper Gazowany napój energetyzujący 500 ml,5.69,0.5,False,Carrefour
ENERGETYK,Red Bull Napój energetyczny bez cukru 250 ml,4.99,0.25,True,Carrefour
ENERGETYK,Burn Original Gazowany napój energetyczny 250 ml,2.99,0.25,False,Carrefour
ENERGETYK,Monster Energy Pipeline Punch Gazowany napój energetyczny 500 ml,5.69,0.5,False,Carrefour
ENERGETYK,Monster Pacific Punch Gazowany napój energetyczny 500 ml,5.69,0.5,False,Carrefour
ENERGETYK,Black Energy Mojito Gazowany napój energetyzujący 250 ml,2.69,0.25,False,Carrefour
ENERGETYK,Carrefour Power Napój energetyzujący gazowany o smaku mojito 1 l,2.99,1.0,False,Carrefour
ENERGETYK,Black Sex Energy Gazowany napój energetyzujący 250 ml,2.69,0.25,False,Carrefour
ENERGETYK,Black Energy Gazowany napój energetyzujący 1 l,5.19,1.0,False,Carrefour
ENERGETYK,Red Bull Zero Napój energetyczny 250 ml,4.99,0.25,True,Carrefour
ENERGETYK,Napój energ predator 05l classic,4.79,0.5,False,Carrefour
ENERGETYK,Red Bull Napój energetyczny arbuz 250 ml,4.99,0.25,True,Carrefour
ENERGETYK,Tiger UFO Gazowany napój energetyzujący 500 ml,3.49,0.5,False,Carrefour
ENERGETYK,Tiger Mango Bomb Gazowany napój energetyzujący 500 ml,3.49,0.5,False,Carrefour
ENERGETYK,Red Bull Napój energetyczny owoce tropikalne 250 ml,4.99,0.25,True,Carrefour
ENERGETYK,Red Bull Napój energetyczny owoce tropikalne 250 ml,4.99,0.25,False,Carrefour
ENERGETYK,Burn Peach Gazowany napój energetyczny 250 ml,2.99,0.25,False,Carrefour
ENERGETYK,Tiger Newschool Classic Gazowany napój energetyzujący 500 ml,3.49,0.5,False,Carrefour
ENERGETYK,Red Bull Napój energetyczny 250 ml,7.39,0.25,False,Carrefour
ENERGETYK,Frugo Wild Punch Blue Energy Gazowany napój energetyzujący 330 ml,2.29,0.33,False,Carrefour
ENERGETYK,Black Energy Gazowany napój energetyzujący 250 ml,2.29,0.25,False,Carrefour
ENERGETYK,Monster Energy Ultra Blue Gazowany napój energetyczny 500 ml,5.69,0.5,False,Carrefour
ENERGETYK,Black Energy Zero Sugar Gazowany napój energetyzujący bez cukru 250 ml,2.69,0.25,False,Carrefour
ENERGETYK,Oshee Shot Power Suplement diety napój niegazowany o smaku limonki i trawy cytrynowej 200 ml,3.49,0.2,False,Carrefour
ENERGETYK,Red Bull Napój energetyczny granat 250 ml,4.99,0.25,True,Carrefour
ENERGETYK,Oshee Shot Forte Suplement diety napój niegazowany o smaku guawy i maliny 200 ml,3.49,0.2,False,Carrefour
ENERGETYK,Tiger Arbuzi Gazowany napój energetyzujący 500 ml,3.49,0.5,False,Carrefour
ENERGETYK,Burn Mango Gazowany napój energetyczny 250 ml,2.99,0.25,False,Carrefour
ENERGETYK,Black Energy Juices Blast Gazowany napój energetyzujący o smaku mango 500 ml,3.89,0.5,True,Carrefour
ENERGETYK,Frugo Wild Puch Pink Energy Gazowany napój energetyzujący 330 ml,2.29,0.33,False,Carrefour
ENERGETYK,Oshee Vitamin Cocktail Suplement diety napój gazowany o smaku guavy-pomarańczy 250 ml,3.29,0.25,False,Carrefour
ENERGETYK,Tiger Granat Explode Gazowany napój energetyzujący 500 ml,3.49,0.5,False,Carrefour
ENERGETYK,Tiger Max Gazowany napój energetyzujący o smaku mango 250 ml,2.09,0.25,False,Carrefour
ENERGETYK,Black Energy After Alcohol Gazowany napój energetyzujący o smaku cytrusowym 250 ml,2.69,0.25,False,Carrefour
ENERGETYK,Rockstar Xdurance Gazowany napój energetyzujący o smaku owoców jagodowych i granatu 500 ml,3.99,0.5,True,Carrefour
ENERGETYK,Red Bull Napój energetyczny bez cukru 355 ml,8.59,0.25,False,Carrefour
ENERGETYK,Red Bull Napój energetyczny bez cukru 355 ml,7.99,0.25,False,Carrefour
ENERGETYK,Oshee Wiedźmin Energy Elixir Kot Wiedźmiński eliksir o smaku jabłko-kiwi 500 ml,4.39,0.5,False,Carrefour
ENERGETYK,Tiger Bubble Gum Gazowany napój energetyzujący 500 ml,3.49,0.5,False,Carrefour
ENERGETYK,Oshee Wiedźmin Energy Elixir Jaskółka Wiedźmiński eliksir o smaku mango-chilli 500 ml,4.39,0.5,False,Carrefour
ENERGETYK,Black Energy Juices Blast Gazowany napój energetyzujący 500 ml,3.89,0.5,True,Carrefour
ENERGETYK,Oshee Wiedźmin Energy Elixir Zamieć Wiedźmiński eliksir o smaku truskawka-limonka 500 ml,4.39,0.5,False,Carrefour
ENERGETYK,Burn Dark Energy Gazowany napój energetyczny 250 ml,2.99,0.25,False,Carrefour
ENERGETYK,Tiger Max Classic Gazowany napój energetyzujący 250 ml,2.09,0.25,False,Carrefour
ENERGETYK,Rockstar Gazowany napój energetyzujący 500 ml,3.99,0.5,True,Carrefour
ENERGETYK,Black Energy Juices Blast Gazowany napój energetyzujący o smaku jagodowym 250 ml,2.69,0.25,False,Carrefour
ENERGETYK,Reign Melon Mania Napój gazowany o smaku melonowym z BCAA 500 ml,5.19,0.5,False,Carrefour
ENERGETYK,Oshee Vitamin Regeneracja Suplement diety napój gazowany o smaku mięta-cytryna 250 ml,3.29,0.25,False,Carrefour
ENERGETYK,Rockstar Xdurance Gazowany napój energetyzujący o smaku owoców jagodowych i granatu 250 ml,3.09,0.25,False,Carrefour
ENERGETYK,Black Energy Ultra Mojito Gazowany napój energetyzujący o smaku limonka-mięta 500 ml,3.89,0.5,True,Carrefour
ENERGETYK,Reign Razzle Berry Napój gazowany o smaku malinowym z BCAA 500 ml,5.19,0.5,False,Carrefour
ENERGETYK,Rockstar Gazowany napój energetyzujący 250 ml,3.09,0.25,False,Carrefour
ENERGETYK,Red Bull SugarFree 2 x 250 ml,12.0,0.5,False,Żabka
ENERGETYK,Black Sex Energy 3 x 250 ml,9.0,0.75,False,Żabka
ENERGETYK,Black Samurai Mango 3 x 250 ml,9.0,0.75,False,Żabka
ENERGETYK,Level Up kokos-cytryna 3 x 250 ml,7.5,0.75,False,Żabka
ENERGETYK,Red Bull 2 x 250 ml,12.0,0.5,False,Żabka
ENERGETYK,Level Up bez cukru 3 x 250 ml,7.5,0.75,False,Żabka
ENERGETYK,Level Up mango 3 x 250 ml,7.5,0.75,False,Żabka
ENERGETYK,Tiger Classic 250 ml,3.6,0.25,False,Żabka
ENERGETYK,Level Up 3 x 250 ml,7.5,0.75,False,Żabka
ENERGETYK,Black Mojito 3 x 250 ml,9.0,0.75,False,Żabka
ENERGETYK,Black Zero Sugar 3 x 250 ml,9.0,0.75,False,Żabka
ENERGETYK,Level Up 500 ml,4.3,0.5,False,Żabka
ENERGETYK,Monster Energy Zero Ultra 2 x 500 ml,12.0,1.0,False,Żabka
ENERGETYK,Monster Energy Pipeline Punch 2 x 500 ml,12.0,1.0,False,Żabka
ENERGETYK,Monster Energy 2 x 500 ml,12.0,1.0,False,Żabka
ENERGETYK,Monster Ultra Blue Zero 2 x 500 ml,12.0,1.0,False,Żabka
ENERGETYK,Monster Energy Mango Loco 2 x 500 ml,12.0,1.0,False,Żabka
ENERGETYK,Monster Ultra Paradise Zero 2 x 500 ml,12.0,1.0,False,Żabka
ENERGETYK,Black Energy 1000 ml,6.3,1.0,False,Żabka
ENERGETYK,Kubuś Sok jabłko-banan-brzoskwinia- 2 x 850 ml,8.6,1.7,False,Żabka
ENERGETYK,Kubuś Sok jabłko-marchew-banan 2 x 850 ml,8.6,1.7,False,Żabka
